{"đóe": 1, "hiểu": 2, "sao": 3, "concert": 4, "chuyển": 5, "bài": 6, "mượt": 7, "như": 8, "sunsilk": 9, "sau": 10, "mẹ": 11, "yêu": 12, "con": 13, "là": 14, "áo": 15, "mùa": 16, "đông": 17, "luôn": 18, "nuôi": 19, "lớn": 20, "và": 21, "lên": 22, "đi": 23, "ra": 24, "trận": 25, "ckgmdt": 26, "x": 27, "gene": 28, "có": 29, "thêm": 30, "1": 31, "đoạn": 32, "nối": 33, "để": 34, "vào": 35, "khách": 36, "mời": 37, "trúc": 38, "nhân": 39, "gu": 40, "t": 41, "mấy": 42, "anh": 43, "ngưu": 44, "ma_vương": 45, "chứ": 46, "em": 47, "hồng": 48, "hài": 49, "nhi": 50, "nhìn": 51, "thì": 52, "cũng": 53, "dưỡng": 54, "thế": 55, "dịu": 56, "kha": 57, "nhưng": 58, "về": 59, "lâu": 60, "chán": 61, "chân": 62, "ái": 63, "vừa": 64, "kinh_tế": 65, "tinh_tế": 66, "lại": 67, "còn": 68, "tử_tế": 69, "chưa": 70, "kể": 71, "cảnh": 72, "kết_thúc": 73, "của": 74, "thu": 75, "hoài": 76, "gió": 77, "mưa": 78, "bão_bùng": 79, "từ": 80, "tiếng": 81, "sang": 82, "rơm_rạ": 83, "thóc": 84, "rơi": 85, "thần": 86, "nhờ": 87, "độ": 88, "dân_làng": 89, "thoát": 90, "khỏi": 91, "hạn_hán": 92, "ông": 93, "giúp": 94, "không": 95, "khổ": 96, "vì": 97, "hạn": 98, "nữa": 99, "ý_kiến": 100, "cá_nhân": 101, "thật": 102, "mà": 103, "hôm_nay": 104, "bên": 105, "gai": 106, "làm": 107, "nhiều": 108, "quá": 109, "nên": 110, "thời_gian": 111, "nghỉ": 112, "giữa": 113, "các": 114, "chỉ": 115, "34": 116, "lần": 117, "mỗi": 118, "đc": 119, "phút": 120, "ở": 121, "standing": 122, "muốn": 123, "ngồi": 124, "xuống": 125, "nghỉ_ngơi": 126, "khó": 127, "chuẩn": 128, "lun": 129, "ối": 130, "ai": 131, "đồ": 132, "duy": 133, "luân": 134, "đã": 135, "trải": 136, "nghiệm": 137, "khu": 138, "xvip": 139, "online": 140, "qua": 141, "thread": 142, "city": 143, "hết": 144, "ckgmđt": 145, "xong": 146, "tui": 147, "quay": 148, "bảo": 149, "chị": 150, "cạnh": 151, "tưởng": 152, "này": 153, "hát": 154, "cùng": 155, "mng": 156, "cơ": 157, "dứt": 158, "mồm": 159, "phát": 160, "cái": 161, "chữ": 162, "to_đùng": 163, "trên": 164, "màn": 165, "led": 166, "hoá": 167, "thú": 168, "cmnl": 169, "trời_ơi": 170, "ngay": 171, "đó": 172, "gì": 173, "được": 174, "mix": 175, "cho": 176, "cháy": 177, "hơn": 178, "tôi": 179, "thét": 180, "váng": 181, "tai": 182, "ôi": 183, "ơi": 184, "nó": 185, "điênnnnn": 186, "hic": 187, "trôi": 188, "thông_điệp": 189, "sống": 190, "phải": 191, "niềm": 192, "tin": 193, "chiến_thắng": 194, "zone": 195, "đứng": 196, "chị_em": 197, "khóc": 198, "tu": 199, "mn": 200, "shoutout": 201, "đội_tuyển": 202, "thi_đấu": 203, "người": 204, "chú": 205, "sơn": 206, "má": 207, "tự_hào": 208, "kinh_khủng": 209, "khiếppp": 210, "nhàn": 211, "đệm": 212, "guitar": 213, "điện": 214, "kiếp": 215, "ve_sầu": 216, "bo": 217, "bay": 218, "trời": 219, "đaiwbsiwbsjsbwisgaksnsjdoajabsj": 220, "khoảnh_khắc": 221, "trượt": 222, "zipline": 223, "họng": 224, "ko": 225, "ngôn_từ": 226, "nào": 227, "diễn_tả": 228, "nổi": 229, "tt": 230, "phối": 231, "í": 232, "đỉnh": 233, "hồi": 234, "d1": 235, "kết": 236, "5": 237, "nấm": 238, "mồ": 239, "hiện": 240, "background": 241, "dchl": 242, "buồn": 243, "match": 244, "nhau": 245, "đem": 246, "khoe": 247, "ấy": 248, "với": 249, "7749": 250, "rồi": 251, "vậy_mà": 252, "d2": 253, "thư": 254, "mọi": 255, "thứ": 256, "storytelling": 257, "uh": 258, "kịch_bản": 259, "đỉnh_cao": 260, "thật_sự": 261, "thôi": 262, "cả": 263, "bao": 264, "tiền": 265, "một": 266, "mớ": 267, "bình_yên": 268, "tung": 269, "đống": 270, "giấy": 271, "tỉnh": 272, "thức": 273, "giấc_ngủ_đông": 274, "cầm": 275, "chổi": 276, "quét": 277, "nhặt": 278, "pháo": 279, "bé": 280, "xinh": 281, "cute": 282, "kỷ_niệm": 283, "thó": 284, "trống_cơm": 285, "cỡ": 286, "6m": 287, "quấn": 288, "chục": 289, "vòng_quanh": 290, "cổ": 291, "mang": 292, "đ": 293, "họ": 294, "tuấn": 295, "kéo": 296, "cello": 297, "dẫu": 298, "lỗi_lầm": 299, "chỉn_chu": 300, "chuyên_nghiệp": 301, "tâm_huyết": 302, "yêu_thương": 303, "fan": 304, "mở": 305, "lãi": 306, "tcảm": 307, "atvncg": 308, "atvncg2024": 309, "lúc": 310, "gọi": 311, "tất_cả": 312, "ekip": 313, "chụp": 314, "ảnh": 315, "hô": 316, "tên": 317, "vịnh": 318, "hạnh": 319, "long": 320, "kenji": 321, "btc": 322, "tặng": 323, "kẹo": 324, "nước_miếng": 325, "giữ": 326, "nhiệt": 327, "tài": 328, "hở": 329, "cảm_ơn": 330, "đến": 331, "delay": 332, "30p": 333, "vẫn": 334, "đang": 335, "xếp_hàng": 336, "checkin": 337, "nhất_định": 338, "chờ": 339, "mới": 340, "bđầu": 341, "staff": 342, "chào": 343, "nhé": 344, "cổng": 345, "chúc": 346, "ngủ": 347, "ngon": 348, "chúng_tôi": 349, "tuyết": 350, "tại": 351, "hưng_yên": 352, "mc": 353, "35": 354, "kim": 355, "chủ": 356, "techcombank": 357, "ctui": 358, "cổ_vũ": 359, "nhiệt_tình": 360, "khác": 361, "nt1": 362, "chỗ": 363, "k": 364, "phàn_nàn": 365, "cứ": 366, "chill": 367, "tâm_tình": 368, "hỏi_han": 369, "đâu": 370, "tự": 371, "ôn": 372, "vui": 373, "lắm": 374, "khúc": 375, "đọc": 376, "lời": 377, "nhắn": 378, "choẹ": 379, "ôm": 380, "hcm": 381, "ấm": 382, "âp": 383, "vô_cùng": 384, "thấy": 385, "nỗ_lực": 386, "loa": 387, "mic": 388, "lỗi": 389, "thông_cảm": 390, "dã_man": 391, "bạn": 392, "chê": 393, "z": 394, "thiếu": 395, "tôn_trọng": 396, "huhu": 397, "tội": 398, "vch": 399, "nói": 400, "nặng": 401, "nonfan": 402, "kêu": 403, "mình": 404, "toàn_bộ": 405, "backtrack": 406, "tr": 407, "live": 408, "hay": 409, "bị": 410, "bác_bỏ": 411, "bằng": 412, "việc": 413, "bật": 414, "hả": 415, "dựng": 416, "booth": 417, "nhỉ": 418, "đm": 419, "bao_nhiêu": 420, "vé": 421, "quan_trọng": 422, "cười": 423, "to": 424, "vl": 425, "10k": 426, "đây": 427, "50k": 428, "gián_tiếp": 429, "số": 430, "đếm": 431, "phát_ngôn": 432, "nóc": 433, "đúng": 434, "vậy": 435, "sold": 436, "out": 437, "78k": 438, "100k": 439, "best": 440, "khịa": 441, "tụi": 442, "rồ": 443, "v": 444, "quân": 445, "triều": 446, "đình": 447, "đỉnk": 448, "coi": 449, "thiệc": 450, "b": 451, "nghe": 452, "thấm": 453, "thsu": 454, "nguyên": 455, "rần_rần": 456, "tầm": 457, "quan_tâm": 458, "chòi": 459, "biết": 460, "sẽ": 461, "chúng_ta": 462, "bây_giờ": 463, "điều": 464, "pressing": 465, "rất": 466, "xin_lỗi": 467, "hơi": 468, "a": 469, "trong": 470, "truyền_thuyết": 471, "chả": 472, "ngán": 473, "con_số": 474, "thâm": 475, "kkkk": 476, "hét": 477, "up": 478, "threads": 479, "tao": 480, "hàng": 481, "ghế": 482, "ngả_nghiêng": 483, "khà_khà": 484, "eq": 485, "dương": 486, "đối_với": 487, "thôiiii": 488, "bọn": 489, "vcl": 490, "công_tâm": 491, "khâu": 492, "tổ_chức": 493, "hôm_qua": 494, "chiếc": 495, "show": 496, "vn": 497, "từng": 498, "trộm_vía": 499, "gặp": 500, "chuyện": 501, "khó_chịu": 502, "nhất": 503, "nghĩ": 504, "đéo": 505, "tụ": 506, "hội": 507, "trẩu": 508, "tre": 509, "nhạc": 510, "dân_tộc": 511, "kiểu": 512, "đồng_thanh": 513, "chèo": 514, "ê": 515, "xây": 516, "quả": 517, "sân_khấu": 518, "điên": 519, "btw": 520, "rap": 521, "thích": 522, "câu": 523, "giới": 524, "trẻ": 525, "trịnh": 526, "ngầu": 527, "hà": 528, "lê": 529, "thể": 530, "thẩm": 531, "lightstick": 532, "xốp": 533, "tcb": 534, "xấu": 535, "ỉa": 536, "post": 537, "rhym": 538, "nhớ": 539, "hqua": 540, "inear": 541, "vs": 542, "lệch": 543, "cmn": 544, "đa_đa": 545, "đẹp_trai": 546, "cảm_giác": 547, "trầm": 548, "so": 549, "trả": 550, "9m": 551, "mống": 552, "xung_quanh": 553, "ngài_ngại": 554, "lành_lạnh": 555, "trách": 556, "sát": 557, "giờ": 558, "cuối": 559, "day1": 560, "hẳn": 561, "mk": 562, "xem": 563, "ý": 564, "day2": 565, "xu": 566, "r": 567, "chút": 568, "thất_vọng": 569, "cường": 570, "seven": 571, "bảo_an": 572, "dẫn": 573, "binz": 574, "xuyên": 575, "thế_là": 576, "xô": 577, "kết_quả": 578, "ngã": 579, "sml": 580, "hỏng": 581, "đau": 582, "cay": 583, "hỗn_loạn": 584, "kb": 585, "sg": 586, "ntn": 587, "đấy": 588, "chật": 589, "bthg": 590, "tiếp": 591, "t_k": 592, "những": 593, "ng": 594, "định": 595, "đường": 596, "thẳng": 597, "sân_k": 598, "tệ_hại": 599, "chương_trình": 600, "core": 601, "dễ_thương": 602, "đội": 603, "thuê": 604, "kiểm_soát": 605, "đợt": 606, "team": 607, "tùng": 608, "yuki": 609, "cần": 610, "dài": 611, "cây_số": 612, "bóng": 613, "điều_phối": 614, "line": 615, "soát": 616, "theo": 617, "take": 618, "care": 619, "4r": 620, "5h": 621, "kém": 622, "tắc": 623, "cứng": 624, "lạc": 625, "vì_thế": 626, "hề": 627, "kiểm": 628, "12": 629, "đóng": 630, "khán_giả": 631, "đầy": 632, "ngoài": 633, "lối": 634, "chấp_nhận": 635, "cổ_động": 636, "việt": 637, "làm_ăn": 638, "cực_kì": 639, "bát_nháo": 640, "dòng": 641, "tệ": 642, "ạ": 643, "lquan": 644, "vui_trừ": 645, "focus": 646, "cam": 647, "âm_thanh": 648, "vô_ý_thức": 649, "enjoy": 650, "tiết_mục": 651, "dù": 652, "quẩy": 653, "tới": 654, "đứt": 655, "cuống_họng": 656, "ăn": 657, "phở": 658, "nước_chấm": 659, "cô": 660, "bán": 661, "ốc": 662, "nếu": 663, "ngoài_lề": 664, "day": 665, "vẻ": 666, "tốt": 667, "ít": 668, "feedback": 669, "2": 670, "không_lẽ": 671, "do": 672, "dc": 673, "bù": 674, "ghen_tị": 675, "huhuhu": 676, "xịn": 677, "toi": 678, "tnv": 679, "tương_đối": 680, "ưa": 681, "cợt_nhả": 682, "giỡn": 683, "leader": 684, "khu_vực": 685, "làm_việc": 686, "nghiêm_túc": 687, "hỏi": 688, "chấm": 689, "kì_quặc": 690, "kaka": 691, "lòi": 692, "trùng": 693, "đỗ": 694, "xe": 695, "ô_tô": 696, "anh_chị_em": 697, "vẫy": 698, "lighstick": 699, "edm_vậy": 700, "3ac": 701, "ac": 702, "quăng": 703, "miếng": 704, "inside": 705, "joke": 706, "nhà": 707, "tí": 708, "liên_tục": 709, "ca": 710, "cải_lương": 711, "hú": 712, "vina": 713, "house": 714, "dễ": 715, "huông": 716, "lắmmm": 717, "dạ": 718, "lang": 719, "cực": 720, "ckat": 721, "tệp": 722, "chịu": 723, "chi": 724, "gieo": 725, "hạt": 726, "bảo_vệ": 727, "bác": 728, "nông_dân": 729, "cây": 730, "đu_đủ": 731, "sang_năm": 732, "chợ": 733, "y1": 734, "bao_giờ": 735, "truyền_thông": 736, "cg": 737, "cảm_thấy": 738, "iu": 739, "nhỏ": 740, "đối_tác": 741, "thực_lực": 742, "xứng": 743, "danh": 744, "dàn": 745, "cast": 746, "spoil": 747, "vô": 748, "cmt": 749, "lau": 750, "nước_mắt": 751, "mạnh": 752, "conme": 753, "comcert": 754, "hn": 755, "mạnh_dạn": 756, "thèm": 757, "chạy": 758, "ads": 759, "khen": 760, "mẻ": 761, "đừng": 762, "mong": 763, "săn": 764, "flop": 765, "fmt": 766, "trúng": 767, "cc": 768, "tgif": 769, "càng": 770, "nhma": 771, "thế_lực": 772, "rải_rác": 773, "toàn": 774, "cõi": 775, "mxh": 776, "canh_chừng": 777, "lẫn": 778, "canh": 779, "me": 780, "hít": 781, "ke": 782, "tâm_sự": 783, "tuổi": 784, "tl": 785, "cũm": 786, "hâhhaa": 787, "sơ": 788, "sểnh": 789, "chính_quyền": 790, "conmegai": 791, "nhe": 792, "thành_phố": 793, "hp": 794, "ban": 795, "ra_công_bố": 796, "phòng_chống": 797, "ma_túy": 798, "dưới": 799, "gầm": 800, "cầu": 801, "thằng": 802, "thành_công": 803, "đời": 804, "hâm_mộ": 805, "tài_năng": 806, "miệng": 807, "bình_luận": 808, "mạng": 809, "seeding": 810, "biến": 811, "đứa": 812, "dùng": 813, "clone": 814, "nay": 815, "cấm": 816, "fb": 817, "chính": 818, "ghẹo": 819, "ồn": 820, "khắp": 821, "nơi": 822, "mê": 823, "bế": 824, "tâm": 825, "đoàn_kết": 826, "nội_dung": 827, "lan_toả": 828, "giá_trị": 829, "văn_hoá": 830, "lịch_sử": 831, "nâng_niu": 832, "tình_cảm": 833, "gia_đình": 834, "lắng_nghe": 835, "thay_đổi": 836, "tích_cực": 837, "hiển_nhiên": 838, "quý": 839, "khả_nghi": 840, "báo": 841, "chẳng": 842, "aka": 843, "con_mẹ": 844, "bộ_mặt": 845, "ttb": 846, "real": 847, "thật_ra": 848, "sự": 849, "tận_tâm": 850, "nghề_nghiệp": 851, "gđ": 852, "kèm": 853, "con_người": 854, "tiếp_theo": 855, "góp_ý": 856, "thấu_hiểu": 857, "tự_nhiên": 858, "ctrinh": 859, "mqh": 860, "hết_mực": 861, "ntt": 862, "ngày": 863, "lì": 864, "cờ": 865, "mãi": 866, "chông_gai": 867, "j": 868, "hiền": 869, "n": 870, "ngta": 871, "thương": 872, "vỉe": 873, "có_khi": 874, "nhái": 875, "mua": 876, "đủ": 877, "loại": 878, "page": 879, "admin": 880, "bơi_lội": 881, "đầm": 882, "lầy": 883, "fact": 884, "mức": 885, "đồng_lòng": 886, "suốt": 887, "hết_mình": 888, "tận": 889, "sức": 890, "nghề": 891, "thu_hút": 892, "chất_lượng": 893, "á": 894, "xem_ngày": 895, "họp_báo": 896, "ước": 897, "bắt_đầu_từ": 898, "đu": 899, "đầu": 900, "luỵ": 901, "à": 902, "đầu_tiên": 903, "đoàn": 904, "vụ": 905, "đốt": 906, "lò": 907, "ra_đời": 908, "giới_thiệu": 909, "thành_viên": 910, "sung_sướng": 911, "khi": 912, "ngày_càng": 913, "yêu_quý": 914, "chọn": 915, "nền": 916, "văn_minh": 917, "tất_nhiên": 918, "ch": 919, "trình": 920, "fai": 921, "tn": 922, "nh": 923, "chấp": 924, "showconcert": 925, "phần": 926, "lo": 927, "tay": 928, "đâm": 929, "bông": 930, "hoa_hồng": 931, "cẩn_thận": 932, "bị_thương": 933, "chành": 934, "bây": 935, "h": 936, "biết_ơn": 937, "trân_trọng": 938, "lạy_cụ": 939, "thế_mà": 940, "trọng": 941, "nam": 942, "khinh": 943, "nữ": 944, "trước_đây": 945, "cubgx": 946, "vất_vả": 947, "tnao": 948, "sbin": 949, "dk": 950, "khủng_khiếp": 951, "ak": 952, "xem_lại": 953, "đầu_óc": 954, "chtr": 955, "chiều_chuộng": 956, "riết": 957, "lòng": 958, "hẹt": 959, "ní": 960, "bình_tĩnh": 961, "deadline": 962, "nha": 963, "tìm": 964, "download": 965, "bũa": 966, "share": 967, "tiện": 968, "cloud": 969, "traffic": 970, "khóa": 971, "job": 972, "tối": 973, "liền": 974, "10000": 975, "tham_dự": 976, "hà_nội": 977, "choáy": 978, "ngũ": 979, "đại": 980, "lót": 981, "tích": 982, "rốt_cuộc": 983, "fanboy_vậy": 984, "xin": 985, "list": 986, "bất_ngờ": 987, "fanboy": 988, "con_trai": 989, "hợp": 990, "idol": 991, "cuồng_nhiệt": 992, "con_gái": 993, "cúp": 994, "lé": 995, "sookay": 996, "check": 997, "var": 998, "trọng_tài": 999, "công_nghệ": 1000, "cú": 1001, "va_chạm": 1002, "hai": 1003, "cầu_thủ": 1004, "nè": 1005, "hên": 1006, "mu": 1007, "đá": 1008, "ị": 1009, "chứ_lại": 1010, "tam_đại_diệt": 1011, "tk": 1012, "thi": 1013, "phi": 1014, "mọc": 1015, "trước": 1016, "hi_vọng": 1017, "thiệt": 1018, "lớp": 1019, "s2": 1020, "đám_hỏi": 1021, "tiêu": 1022, "ác": 1023, "say": 1024, "gex": 1025, "thả": 1026, "haha": 1027, "ghê": 1028, "đắc": 1029, "nhân_tâm": 1030, "quyển": 1031, "thề": 1032, "lộ": 1033, "theo_dõi": 1034, "lực_lượng": 1035, "gào": 1036, "siêu": 1037, "nôm_na": 1038, "chồng": 1039, "vợ": 1040, "soobin": 1041, "thanh": 1042, "hoàng": 1043, "hiệp": 1044, "hqa": 1045, "tiêm": 1046, "chính_thức": 1047, "mất": 1048, "thuộc": 1049, "full": 1050, "tca": 1051, "hăng": 1052, "dẫm": 1053, "túi": 1054, "3l": 1055, "dcu": 1056, "vcc": 1057, "quên": 1058, "bộ": 1059, "ba": 1060, "tam": 1061, "bàng": 1062, "bầu": 1063, "non": 1064, "duy_nhất": 1065, "bầu_đức": 1066, "trêu": 1067, "chtrinh": 1068, "cx": 1069, "ngoi": 1070, "3": 1071, "làm_sao": 1072, "tranh": 1073, "gatekeep": 1074, "hoan_hỉ": 1075, "tò_mò": 1076, "chung": 1077, "tận_hưởng": 1078, "hoan_nghênh": 1079, "bới": 1080, "lông": 1081, "vết": 1082, "cố": 1083, "soi": 1084, "chê_bai": 1085, "cút": 1086, "source": 1087, "đẹp": 1088, "quáaaaaaaa": 1089, "mận": 1090, "keo": 1091, "uầy": 1092, "suộc": 1093, "giao_lưu": 1094, "diễn": 1095, "truyền_thống": 1096, "concertatvncg2024": 1097, "ocp3": 1098, "chỗ_đứng": 1099, "thoải_mái": 1100, "2024": 1101, "thênh_thang": 1102, "nằm": 1103, "hè": 1104, "nọ": 1105, "phèn": 1106, "nước": 1107, "chanh": 1108, "pha": 1109, "đường_phèn": 1110, "nộp": 1111, "sổ": 1112, "gạo": 1113, "yêu_cầu": 1114, "hộ": 1115, "kiểm_tra": 1116, "lụy": 1117, "suy_nghĩ": 1118, "ngây_thơ": 1119, "năm": 1120, "quốc_nội": 1121, "rẻ": 1122, "rề": 1123, "thời_vụ": 1124, "đổi": 1125, "only": 1126, "zai": 1127, "hàn": 1128, "1x": 1129, "sa_lầy": 1130, "cảng": 1131, "hàng_không": 1132, "quý_khách": 1133, "khỉ": 1134, "đánh_đu": 1135, "cành": 1136, "rùi": 1137, "ngày_mai": 1138, "rời": 1139, "xa": 1140, "tiếp_tục": 1141, "hóng": 1142, "mlt": 1143, "tuy": 1144, "lướt": 1145, "xíu": 1146, "tan": 1147, "chảy": 1148, "soft": 1149, "thiên": 1150, "cô_dâu": 1151, "hào": 1152, "môn": 1153, "nhận": 1154, "quà": 1155, "đưa": 1156, "tận_tay": 1157, "e": 1158, "hại": 1159, "trực_tiếp": 1160, "fancam": 1161, "cíuuuuuuu": 1162, "thắc_mắc": 1163, "atus": 1164, "mono": 1165, "lịch": 1166, "cha_nội": 1167, "captain": 1168, "quang": 1169, "hùng": 1170, "camp": 1171, "hay_là": 1172, "xui": 1173, "dựa": 1174, "lịch_trình_diễn": 1175, "đoán": 1176, "chuyến": 1177, "căn_bản": 1178, "ý_thức": 1179, "nx": 1180, "bt": 1181, "giỏi": 1182, "ý_định": 1183, "sân_bay": 1184, "nhg": 1185, "dày": 1186, "public": 1187, "tra": 1188, "thông_tin": 1189, "biết_đâu": 1190, "mệt": 1191, "dùm": 1192, "anhtraisayhi": 1193, "vu_vơ": 1194, "bà": 1195, "hashtag": 1196, "viral": 1197, "sợ": 1198, "hữu": 1199, "duyên": 1200, "ha": 1201, "vạn": 1202, "tuỳ": 1203, "nghệ_sĩ": 1204, "riêng_tư": 1205, "qh": 1206, "chim": 1207, "đợi": 1208, "đk": 1209, "ví_dụ": 1210, "mắc": 1211, "5p": 1212, "vdu": 1213, "qhung": 1214, "78912": 1215, "vca": 1216, "lịch_trình": 1217, "để_ý": 1218, "kĩ": 1219, "phán_đoán": 1220, "khoảng": 1221, "update": 1222, "thành_ra": 1223, "chừng": 1224, "biết_mấy": 1225, "ổng": 1226, "huyền_thoại": 1227, "an": 1228, "đặng": 1229, "tập": 1230, "diễn_viên": 1231, "nói_chuyện": 1232, "quá_vậy": 1233, "lượng": 1234, "điện_thoại": 1235, "giơ": 1236, "cao": 1237, "ta": 1238, "nằm_xuống": 1239, "kìa": 1240, "mã": 1241, "chân_thành": 1242, "nobeat": 1243, "d3": 1244, "atsh": 1245, "kỳ_thủ": 1246, "cờ_vây": 1247, "chiếu_tướng": 1248, "tức": 1249, "hok": 1250, "nhắm_mắt": 1251, "d5": 1252, "cmnr": 1253, "liệu": 1254, "iêu": 1255, "iem": 1256, "áp_dụng": 1257, "công_thức": 1258, "lạ": 1259, "mom": 1260, "bản_đồ": 1261, "vỡi": 1262, "ò": 1263, "rút": 1264, "giati": 1265, "trc": 1266, "chơi": 1267, "th": 1268, "kh": 1269, "ai_ngờ": 1270, "xảy": 1271, "nthe": 1272, "sốc": 1273, "vãi": 1274, "tự_dưng": 1275, "hứng": 1276, "thử": 1277, "dè": 1278, "ngửa": 1279, "bản": 1280, "thường": 1281, "pro": 1282, "nâng_cấp": 1283, "khám_phá": 1284, "bói": 1285, "tử_vi": 1286, "khá": 1287, "tây": 1288, "hôm": 1289, "move": 1290, "on": 1291, "giải_thích": 1292, "ý_nghĩa": 1293, "lá": 1294, "thui": 1295, "bốc": 1296, "plus": 1297, "oke": 1298, "nma": 1299, "khum": 1300, "sâu": 1301, "lệnh": 1302, "hãy": 1303, "chi_tiết": 1304, "có_thể": 1305, "zạ": 1306, "toiii": 1307, "chuaa": 1308, "ơ": 1309, "tarot": 1310, "ghiền": 1311, "công_nhận": 1312, "dean": 1313, "pr": 1314, "chatgpt": 1315, "meta": 1316, "mess": 1317, "xịnnnn_nhe": 1318, "sốp": 1319, "ghê_á": 1320, "bđs": 1321, "chat": 1322, "gpt": 1323, "há_hốc": 1324, "shock": 1325, "tht": 1326, "nha_má": 1327, "câu_chuyện": 1328, "việt_nam": 1329, "châu": 1330, "bi_kịch_hóa": 1331, "hình_ảnh": 1332, "bi_kịch": 1333, "tung_hô": 1334, "bh": 1335, "ngấm": 1336, "dần": 1337, "ước_mơ": 1338, "pn": 1339, "tự_ý_thức": 1340, "trách_nhiệm": 1341, "cv": 1342, "hy_sinh": 1343, "giật": 1344, "giải": 1345, "phụ_nữ": 1346, "đánh": 1347, "tự_do": 1348, "cđ": 1349, "gái": 1350, "bắc": 1351, "lũ": 1352, "trai": 1353, "miền": 1354, "chiều": 1355, "ny": 1356, "hư": 1357, "lười": 1358, "danh_hiệu": 1359, "anh_hùng": 1360, "bi_kịch_hóa_hả": 1361, "cách": 1362, "xuyên_tạc": 1363, "nhét": 1364, "topic": 1365, "bình_thường": 1366, "làm_ơn": 1367, "lôi": 1368, "chủ_nghĩa": 1369, "lạy": 1370, "hóa": 1371, "bi_kịch_hoá": 1372, "to_lớn": 1373, "riêng": 1374, "chăm_sóc": 1375, "nuôi_nấng": 1376, "anh_em": 1377, "nên_người": 1378, "huống": 1379, "ngày_xưa": 1380, "tổ_tiên": 1381, "thời": 1382, "tư_tưởng": 1383, "gieo_rắc": 1384, "hi_sinh": 1385, "chồng_con": 1386, "bình_đẳng": 1387, "hầu_hạ": 1388, "sinh": 1389, "lấy": 1390, "sướng": 1391, "trừ": 1392, "giàu": 1393, "bm": 1394, "nho_giáo": 1395, "sanh": 1396, "công_dung_ngôn": 1397, "tòng": 1398, "4": 1399, "đức": 1400, "tư_duy": 1401, "pt": 1402, "tốn": 1403, "tgian": 1404, "học_hành": 1405, "làm_lụng": 1406, "góc": 1407, "bố_mẹ": 1408, "dành": 1409, "thgian": 1410, "đầu_tư": 1411, "ăn_học": 1412, "học": 1413, "thư_thả": 1414, "phương": 1415, "bản_thân": 1416, "m": 1417, "thực_tế": 1418, "ngoo": 1419, "học_hỏi": 1420, "đặc_thù": 1421, "phụ_hệ": 1422, "đàn_ông": 1423, "quốc_gia": 1424, "ca_ngợi": 1425, "chịu_đựng": 1426, "thao_túng": 1427, "tâm_lý": 1428, "phục_tùng": 1429, "cam_chịu": 1430, "đặt": 1431, "nhầm": 1432, "thế_nào": 1433, "không_thể": 1434, "cháu": 1435, "tiếp_cận": 1436, "internet": 1437, "sớm": 1438, "cđg": 1439, "xa_xưa": 1440, "lý_thuyết": 1441, "đạo": 1442, "khổng": 1443, "tử": 1444, "tiếp_nhận": 1445, "trung": 1446, "quốc": 1447, "một_cách": 1448, "mạnh_mẽ": 1449, "đối_xử": 1450, "cực_khổ": 1451, "hướng": 1452, "chăm_chút": 1453, "bởi_vì": 1454, "thuyết": 1455, "lo_toan": 1456, "tồn_tại": 1457, "kéo_dài": 1458, "phản_ánh": 1459, "rõ": 1460, "nét": 1461, "văn_học": 1462, "thuyền": 1463, "chúng": 1464, "gửi": 1465, "chà_bá": 1466, "xót": 1467, "thịt": 1468, "xay": 1469, "bỏ": 1470, "ovtk": 1471, "tủ_lạnh": 1472, "suy": 1473, "nghí": 1474, "lo_lắng": 1475, "lunn": 1476, "ừ": 1477, "chắc": 1478, "cl": 1479, "dốt": 1480, "phong_kiến": 1481, "gần": 1482, "first": 1483, "để_dành": 1484, "có_nghĩa": 1485, "nói_riêng": 1486, "nói_chung": 1487, "thế_hệ": 1488, "đều": 1489, "ảnh_hưởng": 1490, "bởi": 1491, "bởi_vậy": 1492, "đỡ": 1493, "một_số": 1494, "khía_cạnh": 1495, "dạy": 1496, "giảng": 1497, "bài_học": 1498, "cuộc_sống": 1499, "than_thở": 1500, "mày": 1501, "rặn": 1502, "l": 1503, "ải": 1504, "ditme": 1505, "tớ_vậy": 1506, "tớ": 1507, "đuổi": 1508, "năn_nỉ": 1509, "khoản": 1510, "nợ": 1511, "căng": 1512, "dây": 1513, "đàn_tớ": 1514, "l_tớ": 1515, "tuyệt_vọng": 1516, "nhổn": 1517, "nmà": 1518, "mừng": 1519, "uống": 1520, "nhân_trần": 1521, "mixi": 1522, "stream": 1523, "hehe": 1524, "ạa": 1525, "nhjr": 1526, "lồ": 1527, "cf": 1528, "cậu": 1529, "chin": 1530, "hoàn_cảnh": 1531, "thực_sự": 1532, "năng_lượng": 1533, "may_mắn": 1534, "thoi": 1535, "cố_gắng": 1536, "thoii": 1537, "dạaaa": 1538, "siêuuuuu": 1539, "tràn_đầy": 1540, "nhaaaaaa": 1541, "mặc_dù": 1542, "vde": 1543, "quyếtt": 1544, "luônn": 1545, "khoẻe": 1546, "cày": 1547, "view": 1548, "vật_lộn": 1549, "hành_trình": 1550, "mặt": 1551, "tác_động": 1552, "yếu_tố": 1553, "hố": 1554, "boom": 1555, "đeo": 1556, "khẩu_trang": 1557, "bịt": 1558, "kín": 1559, "ninja": 1560, "cter": 1561, "bình": 1562, "vui_vẻ": 1563, "cựu": 1564, "nhaa": 1565, "nhỗi": 1566, "nngủ": 1567, "xác": 1568, "nch": 1569, "saooo": 1570, "hong": 1571, "bro": 1572, "người_yêu": 1573, "chửi": 1574, "ngu": 1575, "đồng_cảm": 1576, "khủng_hoảng": 1577, "thất_nghiệp": 1578, "chia_tay": 1579, "tiền_nong": 1580, "chật_vật": 1581, "ổn": 1582, "nà": 1583, "bắt_đầu": 1584, "tiết_kiệm": 1585, "phòng": 1586, "rủi_ro": 1587, "tương_lai": 1588, "dạaa": 1589, "suôn_sẻ": 1590, "sức_khỏe": 1591, "đặc_biệt": 1592, "cực_kỳ": 1593, "ok": 1594, "cũn_thế": 1595, "hông": 1596, "nheee": 1597, "sắp": 1598, "mới_rồi": 1599, "chúng_mình": 1600, "lạiii": 1601, "thở": 1602, "vấp": 1603, "10": 1604, "cục": 1605, "vàng": 1606, "té": 1607, "vỡ": 1608, "tật": 1609, "thua": 1610, "400tr": 1611, "trộm": 1612, "sh": 1613, "100tr": 1614, "an_ủi": 1615, "mất_mát": 1616, "nội": 1617, "tạng": 1618, "c": 1619, "vlin": 1620, "thúi": 1621, "ruột": 1622, "công_việc": 1623, "gắn_bó": 1624, "cân_bằng": 1625, "làm_nên": 1626, "oan": 1627, "tiếc": 1628, "môi_trường": 1629, "bác_sĩ": 1630, "chữa": 1631, "khả_năng": 1632, "l_vậy": 1633, "gỡ": 1634, "khó_khăn": 1635, "vâng": 1636, "quá_tải": 1637, "anh_trai": 1638, "tình_huống": 1639, "éo_le": 1640, "lành": 1641, "mò": 1642, "tủi_thân": 1643, "óò": 1644, "vượt": 1645, "trưởng_thành": 1646, "động_viên": 1647, "1000": 1648, "công_lực": 1649, "tu_luyện": 1650, "heheh": 1651, "chiii": 1652, "mục_tiêu": 1653, "ngắn_hạn": 1654, "vững_vàng": 1655, "chặng": 1656, "mạnh_khỏe": 1657, "nhaaa": 1658, "ạaaa": 1659, "chặt": 1660, "đáng": 1661, "hoàn_hảo": 1662, "kịch": 1663, "trần": 1664, "phấp_phới": 1665, "gen": 1666, "đùi": 1667, "ex": 1668, "vía": 1669, "nhà_nội": 1670, "ăn_mặc": 1671, "mặc": 1672, "ngắn": 1673, "xingtu": 1674, "đớn": 1675, "100": 1676, "200k": 1677, "tiền_mặt": 1678, "dạo": 1679, "tiền_mặt_vậy": 1680, "lỡ": 1681, "vấn_đề": 1682, "còn_mệt": 1683, "kỳ": 1684, "gấp": 1685, "lụm": 1686, "ship": 1687, "xài": 1688, "đt": 1689, "đúng_đắn": 1690, "đa_dạng": 1691, "thường_xuyên": 1692, "ck": 1693, "cần_thiết": 1694, "lẽ": 1695, "trường_hợp": 1696, "tịt": 1697, "ngân_hàng": 1698, "bảo_trì": 1699, "gãy": 1700, "tp": 1701, "bank": 1702, "chuyển_khoản": 1703, "quán": 1704, "ăn_khách": 1705, "quyết_định": 1706, "không_những": 1707, "phụ_huynh": 1708, "lớn_tuổi": 1709, "sử_dụng": 1710, "lừa": 1711, "cũm_thế": 1712, "ngại": 1713, "tiền_lẻ": 1714, "tip": 1715, "nghèo": 1716, "tiền_mặt_tiền": 1717, "bõ": 1718, "atm": 1719, "quyền": 1720, "lựa_chọn": 1721, "òi": 1722, "trăm": 1723, "lựa": 1724, "phù_hợp": 1725, "bực": 1726, "nhà_hàng_quán": 1727, "vỉa_hè": 1728, "đổ": 1729, "xăng": 1730, "4g": 1731, "đòi": 1732, "ít_nhất": 1733, "50": 1734, "xịt": 1735, "lốp": 1736, "bể": 1737, "bánh_xe": 1738, "35k": 1739, "quẹt": 1740, "qr": 1741, "dịch_vụ": 1742, "bố": 1743, "lập_tức": 1744, "giải_pháp": 1745, "dễ_dàng": 1746, "kinh_doanh": 1747, "thừa": 1748, "hậm_hực": 1749, "lương": 1750, "trợ_cấp": 1751, "thời_buổi": 1752, "thay": 1753, "in": 1754, "banking": 1755, "bóp": 1756, "dt": 1757, "rút_tiền": 1758, "nhẽ": 1759, "nặng_lời": 1760, "ví": 1761, "đút": 1762, "linh_tinh": 1763, "nhẹ": 1764, "đthoai": 1765, "sập": 1766, "nguồn": 1767, "giấy_tờ": 1768, "giấy_phép": 1769, "lái_xe": 1770, "ti_tỉ": 1771, "xh": 1772, "loạn": 1773, "kiến_nghị": 1774, "bãi_bỏ": 1775, "cccd": 1776, "thế_kỷ": 1777, "chủ_trương": 1778, "nhà_nước": 1779, "chuyển_đổi": 1780, "app": 1781, "tích_hợp": 1782, "tuỳ_thân": 1783, "người_làm": 1784, "ngược_lại": 1785, "xã_hội": 1786, "răng": 1787, "cắc": 1788, "tút": 1789, "cũ": 1790, "công_an": 1791, "dừng": 1792, "hành_chính": 1793, "sạc": 1794, "pin": 1795, "nhõi": 1796, "phiền": 1797, "tb": 1798, "dán": 1799, "bảng": 1800, "quỵt": 1801, "đăng": 1802, "nhỡ": 1803, "hoặc": 1804, "nta": 1805, "kịp": 1806, "s": 1807, "buôn_bán": 1808, "khách_hàng": 1809, "trụ_sở": 1810, "giao_dịch": 1811, "rút_tiền_mặt": 1812, "quầy": 1813, "thẻ": 1814, "đôi": 1815, "hấp": 1816, "hấp_tấp": 1817, "sẵn": 1818, "300k": 1819, "cốp": 1820, "hờ": 1821, "tín_hiệu": 1822, "bth": 1823, "2tr": 1824, "đôi_khi": 1825, "sd": 1826, "tạo": 1827, "thuận_tiện": 1828, "vui_lòng": 1829, "vừa_lòng": 1830, "tuần": 1831, "tờ": 1832, "bà_ba": 1833, "kiến_thức": 1834, "triễn": 1835, "đổi_mới": 1836, "đào_thải": 1837, "phổ_biến": 1838, "thuận": 1839, "sai": 1840, "thái_độ": 1841, "quê": 1842, "code": 1843, "vđ": 1844, "vứt": 1845, "rơi_rớt": 1846, "khung_cảnh": 1847, "tuyệt_đối": 1848, "điện_ảnh": 1849, "giống": 1850, "phim": 1851, "vội": 1852, "watermark": 1853, "cơ_mà": 1854, "kệ": 1855, "str": 1856, "set": 1857, "nhen": 1858, "vid": 1859, "nghệ": 1860, "xen_lẫn": 1861, "cảm_thán": 1862, "xinh_đẹp": 1863, "ui": 1864, "hem": 1865, "ạaa": 1866, "lockscreen": 1867, "thuiii": 1868, "âu": 1869, "mỹ": 1870, "nhật": 1871, "sapa": 1872, "tham_gia": 1873, "tuyệt_đỉnh": 1874, "vclll": 1875, "nâng": 1876, "khônggg": 1877, "nhiêù": 1878, "hình": 1879, "ơiii": 1880, "thơ": 1881, "ảo": 1882, "story": 1883, "nha_shop": 1884, "bồ": 1885, "hum": 1886, "ghi": 1887, "đầy_đủ": 1888, "tiktok": 1889, "tuỵt": 1890, "đối": 1891, "ảnhhhh": 1892, "tuyệt_đối_đẹp": 1893, "vẽ": 1894, "fanart": 1895, "múa": 1896, "bút": 1897, "nhá": 1898, "cất": 1899, "máy": 1900, "xì": 1901, "to_di": 1902, "1712": 1903, "nguyễn": 1904, "xiển": 1905, "phóng": 1906, "nhanh": 1907, "võ": 1908, "thị": 1909, "sáu": 1910, "nghị_lực": 1911, "xử": 1912, "sáng": 1913, "trò": 1914, "hỷ": 1915, "lai": 1916, "góc_quay": 1917, "ánh": 1918, "mắt": 1919, "sếp": 1920, "căn": 1921, "villa": 1922, "hy_vọng": 1923, "đất": 1924, "hỡi_ơi": 1925, "giường": 1926, "book": 1927, "chốt": 1928, "khoá": 1929, "hoang_mang": 1930, "tắm_rửa": 1931, "dọn": 1932, "xong_xuôi": 1933, "cbi": 1934, "yên_vị": 1935, "chuông": 1936, "cửa": 1937, "vị": 1938, "đth": 1939, "chăn": 1940, "hé": 1941, "qtqd": 1942, "đột_nhiên": 1943, "tỏ_tình": 1944, "giãy": 1945, "bày": 1946, "này_nọ": 1947, "deep": 1948, "talk": 1949, "ô": 1950, "bye": 1951, "đóng_cửa": 1952, "nnay": 1953, "nhắn_tin": 1954, "thông_báo": 1955, "bạn_bè": 1956, "quen": 1957, "cấp_cứu": 1958, "kịp_thời": 1959, "nỗi": 1960, "resort": 1961, "cao_cấp": 1962, "ip": 1963, "lễ_tân": 1964, "mượn": 1965, "cô_hồn": 1966, "khấn": 1967, "phật": 1968, "mở_mắt": 1969, "10h": 1970, "lobby": 1971, "cuộc": 1972, "hẹn": 1973, "cớ": 1974, "loanh_quanh": 1975, "12h": 1976, "trở_lại": 1977, "cảm_xúc": 1978, "bộc": 1979, "cồn": 1980, "kìm": 1981, "bày_tỏ": 1982, "như_vậy": 1983, "20": 1984, "hầu_hết": 1985, "cty": 1986, "ngưỡng_mộ": 1987, "đàng_hoàng_tử_tế": 1988, "support": 1989, "nhân_viên": 1990, "định_hướng": 1991, "quả_thực": 1992, "vừa_rồi": 1993, "mối": 1994, "quan_hệ": 1995, "đập": 1996, "buông": 1997, "dụ_dỗ": 1998, "hàng_loạt": 1999, "khiến": 2000, "thành": 2001, "hoảng_sợ": 2002, "xen": 2003, "lấn": 2004, "trống_rỗng": 2005, "kphai": 2006, "tốt_đẹp": 2007, "bóp_méo": 2008, "hoàn_toàn": 2009, "sụp_đổ": 2010, "cho_dù": 2011, "vốn": 2012, "đa_nghi": 2013, "mới_lạ": 2014, "dân": 2015, "văn_phòng": 2016, "cảnh_giác": 2017, "bất_cứ": 2018, "chuẩn_bị": 2019, "phương_án": 2020, "ứng_phó": 2021, "thời_đại": 2022, "kbiet": 2023, "sói": 2024, "cừu": 2025, "ah": 2026, "may": 2027, "tỉnh_táo": 2028, "tưởng_tượng": 2029, "tường_thuật": 2030, "tóm_tắt": 2031, "24h": 2032, "báo_cáo": 2033, "hr": 2034, "bằng_chứng": 2035, "âm": 2036, "clip": 2037, "sau_này": 2038, "tinh_thần": 2039, "lúc_nào": 2040, "dự_phòng": 2041, "mở_cửa": 2042, "đồng_nghiệp": 2043, "nhỏ_tuổi": 2044, "ké": 2045, "wc": 2046, "đi_khách_sạn": 2047, "quấy_rối": 2048, "kế_hoạch": 2049, "hnay": 2050, "quấy": 2051, "td": 2052, "kp": 2053, "khổ_thân": 2054, "vợ_con": 2055, "viết": 2056, "lsao": 2057, "lão": 2058, "hạn_chế": 2059, "nghỉ_việc": 2060, "new": 2061, "stress": 2062, "căng_thẳng": 2063, "toxic": 2064, "văn_hóa": 2065, "công_ty": 2066, "quen_thuộc": 2067, "tính_cách": 2068, "thân_thiết": 2069, "rịu": 2070, "chở": 2071, "mai": 2072, "rào": 2073, "kỹ": 2074, "em_em": 2075, "đâu_đấy": 2076, "một_mình": 2077, "quả_quyết": 2078, "nhân_sự": 2079, "phẩy": 2080, "sóng": 2081, "giao_thoa": 2082, "ánh_sáng": 2083, "thực_hành": 2084, "tỷ": 2085, "đèn": 2086, "lị": 2087, "cổ_tích": 2088, "trở_nên": 2089, "giàu_có": 2090, "ngắm": 2091, "mềm_mại": 2092, "như_thế": 2093, "kia": 2094, "stage": 2095, "dcll": 2096, "chìm_nghỉm": 2097, "nhạt_nhoà": 2098, "điểm": 2099, "nhấn": 2100, "xỉu": 2101, "bạch": 2102, "nguyệt": 2103, "sung": 2104, "lắc": 2105, "nga": 2106, "phê": 2107, "đánh_quả": 2108, "tuyệt": 2109, "phẩm": 2110, "gây": 2111, "thương_nhớ": 2112, "khói": 2113, "hiệu_ứng": 2114, "chỉnh": 2115, "fill": 2116, "kk": 2117, "siêuuu": 2118, "vcđ": 2119, "lễ_hội": 2120, "cực_quang": 2121, "tái_sinh": 2122, "ghen": 2123, "tỵ": 2124, "diệu": 2125, "phận": 2126, "ngang": 2127, "nhât": 2128, "lý_do": 2129, "dâu": 2130, "giấu": 2131, "la": 2132, "cún": 2133, "ngúk": 2134, "tổng_hợp": 2135, "top": 2136, "author": 2137, "chap": 2138, "high": 2139, "phấn_đấu": 2140, "2025": 2141, "za": 2142, "trưởng": 2143, "dám": 2144, "lâu_lâu": 2145, "lén": 2146, "đáng_kể": 2147, "genz": 2148, "hi": 2149, "ngàn": 2150, "trà": 2151, "sữa": 2152, "biêng": 2153, "babythree": 2154, "labubu": 2155, "tránh": 2156, "già": 2157, "pick": 2158, "thể_hiện": 2159, "thượng": 2160, "đẳng": 2161, "phục_vụ": 2162, "cốc": 2163, "khác_biệt": 2164, "phù_phiếm": 2165, "chú_ý": 2166, "đou": 2167, "sục": 2168, "hot": 2169, "9x": 2170, "nhãn_hiệu": 2171, "miễn_là": 2172, "hạnh_phúc": 2173, "thú_vị": 2174, "sở_thích": 2175, "thú_vui": 2176, "kem": 2177, "việt_vị": 2178, "sân": 2179, "đơn_giản": 2180, "đéll": 2181, "tháng": 2182, "bảnh": 2183, "highly": 2184, "recomment": 2185, "một_vài": 2186, "yên_tĩnh": 2187, "không_gian": 2188, "quanh": 2189, "quận": 2190, "đính_chính": 2191, "hi_con": 2192, "ctoi": 2193, "himom": 2194, "nghịch": 2195, "vie": 2196, "xác_nhận": 2197, "củ": 2198, "bánh_cuốn": 2199, "mỳ": 2200, "tôm": 2201, "đêm": 2202, "đr": 2203, "pháo_hoa": 2204, "chúng_mày": 2205, "mù": 2206, "điều_kiện": 2207, "cấn": 2208, "ttcp": 2209, "gáy": 2210, "vầy": 2211, "người_ta": 2212, "mắng": 2213, "gậy": 2214, "lightsick": 2215, "khè": 2216, "tranh_cãi": 2217, "cuộc_chiến": 2218, "rô": 2219, "si": 2220, "bts": 2221, "exo": 2222, "hình_như": 2223, "loài": 2224, "lưỡng_cư": 2225, "cãi": 2226, "nạn_nhân": 2227, "so_sánh": 2228, "quài": 2229, "khùng": 2230, "kick": 2231, "war": 2232, "toàn_thắng": 2233, "tài_trợ": 2234, "slogan": 2235, "thương_mại": 2236, "thắng_vậy": 2237, "thắng": 2238, "gạo_cội": 2239, "đậm": 2240, "bản_sắc": 2241, "chịu_thua": 2242, "sớ": 2243, "vỉa": 2244, "cụ": 2245, "ghê_thế": 2246, "năng_lực": 2247, "vệ_sinh": 2248, "dội": 2249, "ô_uế": 2250, "bật_mí": 2251, "chính_phủ": 2252, "thỏ": 2253, "thì_thôi": 2254, "xác_định": 2255, "hoàng_tử": 2256, "tám": 2257, "phố": 2258, "huế": 2259, "màu": 2260, "tím": 2261, "sến": 2262, "lòe": 2263, "loẹt": 2264, "cung": 2265, "tủ": 2266, "thưởng_thức": 2267, "chiếu": 2268, "visual": 2269, "minh_họa": 2270, "đánh_dấu": 2271, "rực_rỡ": 2272, "xuân": 2273, "y": 2274, "tuần_tự": 2275, "buổi": 2276, "happy": 2277, "tươi": 2278, "đắt": 2279, "tết": 2280, "họ_hàng": 2281, "khoẻ": 2282, "con_cái": 2283, "vd": 2284, "rể": 2285, "pgs": 2286, "trường": 2287, "chuyên": 2288, "lớp_học": 2289, "lợn": 2290, "tiến_sĩ": 2291, "thế_giới": 2292, "bkhoa": 2293, "trung_cấp": 2294, "ye": 2295, "nhịp": 2296, "nghĩa_là": 2297, "mặc_định": 2298, "14": 2299, "thu_nhập": 2300, "cải_thiện": 2301, "vơi": 2302, "bớt": 2303, "cho_nên": 2304, "kiên_trì": 2305, "quyết_tâm_tính": 2306, "làm_chủ": 2307, "làm_thuê": 2308, "rấc": 2309, "kkk": 2310, "y_vậy": 2311, "chính_xác": 2312, "mục_đích": 2313, "rèn_luyện": 2314, "kỹ_năng": 2315, "áp_lực": 2316, "kiếm": 2317, "chân_lý": 2318, "7h": 2319, "zui": 2320, "xí": 2321, "mệt_mỏi": 2322, "trạng_thái": 2323, "uể_oải": 2324, "rằng": 2325, "miễn": 2326, "áp_đặt": 2327, "zậy": 2328, "bắp": 2329, "nghĩ_lại": 2330, "đời_sống": 2331, "vp": 2332, "streess": 2333, "oải": 2334, "13": 2335, "14t": 2336, "2h": 2337, "dậy": 2338, "trưa": 2339, "nhảy": 2340, "tdp": 2341, "than": 2342, "dắt": 2343, "nửa": 2344, "quan_điểm": 2345, "mún": 2346, "gd": 2347, "tạm": 2348, "rũ": 2349, "phụ": 2350, "hồ": 2351, "7": 2352, "17h": 2353, "sắc": 2354, "cuốn": 2355, "hồi_kí": 2356, "chủ_tịch": 2357, "daewoo": 2358, "đại_ý": 2359, "nạp": 2360, "cơm_áo": 2361, "vận_động": 2362, "linh_hoạt": 2363, "tay_chân": 2364, "nảy": 2365, "im": 2366, "trì_trệ": 2367, "vắng": 2368, "võng": 2369, "thiu_thiu": 2370, "topping": 2371, "trân_châu": 2372, "1năm": 2373, "nghẻ": 2374, "yaaaa": 2375, "giành": 2376, "máu": 2377, "chớ": 2378, "gia": 2379, "dinh": 2380, "lưng": 2381, "mất_giá": 2382, "badtrip": 2383, "phần_nào": 2384, "giải_quyết": 2385, "chủ_yếu": 2386, "tương": 2387, "chậm": 2388, "dạa": 2389, "tưng_bừng": 2390, "tốt_lành": 2391, "manifest": 2392, "keep": 2393, "lý": 2394, "mụn": 2395, "tự_tin": 2396, "nha_bro": 2397, "bình_minh": 2398, "chaizoo": 2399, "nhân_trần_đời": 2400, "hahaha": 2401, "ngô": 2402, "đag": 2403, "giai_đoạn": 2404, "đi_nữa": 2405, "xây_dựng": 2406, "hàn_quốc": 2407, "bản_lĩnh": 2408, "khok": 2409, "giàu_sang": 2410, "hướng_thiện": 2411, "ẩn": 2412, "đông_nghịt": 2413, "ngoan": 2414, "vtv": 2415, "rehearsal": 2416, "bất_ổn": 2417, "oét": 2418, "nốt": 2419, "lặng": 2420, "hổ": 2421, "cắm": 2422, "biển": 2423, "flash": 2424, "99": 2425, "vũ_công": 2426, "rộng_mở": 2427, "lạnh": 2428, "dự_kiến": 2429, "đen": 2430, "nứt": 2431, "thầy": 2432, "khan": 2433, "thiện": 2434, "toàn_diện": 2435, "thực_ra": 2436, "mải": 2437, "ảo_giác": 2438, "hihi": 2439, "thiên_thiện": 2440, "kĩ_thuật": 2441, "hột": 2442, "làn_điệu": 2443, "xứng_đáng": 2444, "học_trò": 2445, "huyền": 2446, "oet": 2447, "xúc_động": 2448, "quá_chừng": 2449, "rủ": 2450, "lói": 2451, "đồn": 2452, "nhép": 2453, "xỉuuuuu": 2454, "cánh": 2455, "910": 2456, "rv": 2457, "review": 2458, "cống_hiến": 2459, "tuyệt_vời": 2460, "nhà_trẻ": 2461, "trục_trặc": 2462, "ơiiii": 2463, "sức_lực": 2464, "fansign": 2465, "hưng": 2466, "xếp": 2467, "sức_khoẻ": 2468, "vô_duyên": 2469, "hoá_ra": 2470, "suýt": 2471, "ồn_ào": 2472, "lặng_im": 2473, "sibun": 2474, "giọng": 2475, "trend": 2476, "nì": 2477, "iuuu": 2478, "kỉ_niệm": 2479, "độc_thoại": 2480, "máy_lạnh": 2481, "ngựa": 2482, "mtp": 2483, "mát": 2484, "tuyết_cmnr": 2485, "cụm": 2486, "lóng": 2487, "wechoice": 2488, "awards": 2489, "bệnh": 2490, "lạnh_tanh": 2491, "nho": 2492, "du": 2493, "2n1d": 2494, "vinh": 2495, "râu": 2496, "6": 2497, "nhạt": 2498, "quạ": 2499, "lồng": 2500, "rớt": 2501, "2n1đ": 2502, "say2": 2503, "phè": 2504, "thống_kê": 2505, "keyword": 2506, "hen": 2507, "lọt": 2508, "spam": 2509, "dị": 2510, "hoy": 2511, "trái_đào": 2512, "phát_biểu": 2513, "trở": 2514, "diễn_đàn": 2515, "xúi": 2516, "bùng_nổ": 2517, "đáp": 2518, "lễ": 2519, "vài": 2520, "đậu": 2521, "chúc_mừng": 2522, "mặt_trận": 2523, "anti": 2524, "content": 2525, "đẩy": 2526, "vote": 2527, "chếch": 2528, "giải_thưởng": 2529, "cảm_kích": 2530, "giải_dạ": 2531, "thớt": 2532, "gòi": 2533, "tình": 2534, "ấm_áp": 2535, "mướt": 2536, "mườn_mượt": 2537, "nãy": 2538, "h_thấy": 2539, "nhắc": 2540, "89": 2541, "sb": 2542, "biểu_diễn": 2543, "yêuuuuu": 2544, "i": 2545, "luv": 2546, "béeeee": 2547, "uiii": 2548, "hộp": 2549, "nama": 2550, "nhân_văn": 2551, "ca_sĩ": 2552, "46t": 2553, "ca_nhạc": 2554, "quốc_tế": 2555, "kingdom": 2556, "vững_nhiệt_huyết": 2557, "nghìn": 2558, "long_lanh": 2559, "nguyện_sĩ": 2560, "trang": 2561, "huỳnh": 2562, "nghệ_sỹ": 2563, "khẳng_định_vị_thế": 2564, "nói_khéo_léo": 2565, "anh_chị": 2566, "nhà_báo": 2567, "đi_sâu": 2568, "gấu": 2569, "làm_khó": 2570, "cơ_hội": 2571, "chia_sẻ": 2572, "yêu_mến": 2573, "bắt_nạt": 2574, "hỉu": 2575, "rhymastic": 2576, "não": 2577, "cá_vàng": 2578, "stt": 2579, "ko_gắn": 2580, "viu": 2581, "cưới": 2582, "muộn": 2583, "bận": 2584, "mèo": 2585, "dữ": 2586, "cô_đơn": 2587, "phiên_bản": 2588, "thế_thì": 2589, "gắn": 2590, "đào": 2591, "yên_tâm": 2592, "fan_gắn": 2593, "giùm": 2594, "roài": 2595, "khong": 2596, "hơ": 2597, "cu": 2598, "công_trình": 2599, "kế": 2600, "dấu_hiệu": 2601, "tuổi_tác": 2602, "chết": 2603, "nút": 2604, "thồi": 2605, "hài_lòng": 2606, "tồi": 2607, "đề_xuất": 2608, "pam": 2609, "bill": 2610, "hợp_tác": 2611, "phòng_khám": 2612, "dấu": 2613, "giãn": 2614, "điều_dưỡng": 2615, "lm": 2616, "đơ": 2617, "nàng": 2618, "chít": 2619, "quó": 2620, "bập_bẹ": 2621, "qué": 2622, "ghéc": 2623, "iiii": 2624, "dth": 2625, "cưng": 2626, "nhứt": 2627, "oii": 2628, "tắt": 2629, "cáp": 2630, "sần": 2631, "chỉnh_sửa": 2632, "hoàn": 2633, "ban_công": 2634, "karaoke": 2635, "hứng_thú": 2636, "50tr": 2637, "ot": 2638, "cầu_nguyện": 2639, "mơ_mộng": 2640, "viển_vông": 2641, "tiểu": 2642, "hoảng_loạn": 2643, "chư": 2644, "huynh": 2645, "đài": 2646, "phán_xét": 2647, "nặng_nề": 2648, "đa": 2649, "tạ": 2650, "bệ_hạ": 2651, "tha_thứ": 2652, "cố_ý": 2653, "chứng_kiến": 2654, "50m": 2655, "xấp_xỉ": 2656, "mơ": 2657, "sis": 2658, "vị_trí": 2659, "hiếm": 2660, "thay_thế": 2661, "t7": 2662, "cn": 2663, "bò": 2664, "yên": 2665, "quóa": 2666, "chang": 2667, "viễn": 2668, "vông": 2669, "ráng": 2670, "ngành": 2671, "tăng": 2672, "siêu_nhân": 2673, "thần_tài": 2674, "kui": 2675, "sẵn_sàng": 2676, "lao_động": 2677, "thảnh_thơi": 2678, "giọt": 2679, "cuối_cùng": 2680, "sinh_nhật": 2681, "0": 2682, "hiệu_nghiệm": 2683, "nguyện": 2684, "chia": 2685, "sn": 2686, "mnf": 2687, "liềng": 2688, "kinh_nghiệm": 2689, "đạt": 2690, "thuế_giấc": 2691, "like": 2692, "nha_atvncg": 2693, "he": 2694, "giãy_nảy": 2695, "tiễn": 2696, "vong": 2697, "coi_thường": 2698, "tỉnh_bơ": 2699, "video": 2700, "vô_tình": 2701, "troll": 2702, "zụ": 2703, "115": 2704, "cắn_răng": 2705, "cắn": 2706, "cỏ": 2707, "khlq": 2708, "nhất_thiết": 2709, "ghét": 2710, "kênh": 2711, "cộng_đồng": 2712, "buồn_á": 2713, "thay_vì": 2714, "chúng_nó": 2715, "liên_quan": 2716, "thói_quen": 2717, "món": 2718, "group": 2719, "khoan": 2720, "chiệu": 2721, "80": 2722, "pickle": 2723, "ball": 2724, "nhắc_anh": 2725, "20tr": 2726, "đặc_sản": 2727, "lọc": 2728, "buồn_cười": 2729, "khăn": 2730, "đhs": 2731, "phong_lan": 2732, "cá": 2733, "ckp": 2734, "tc": 2735, "mọe": 2736, "bánh_cốm": 2737, "àk": 2738, "bữa": 2739, "bi": 2740, "zờ": 2741, "gốc": 2742, "guộc": 2743, "hoàng_hôn": 2744, "nắng": 2745, "chàng": 2746, "ủa": 2747, "icon": 2748, "rau": 2749, "nhuộm": 2750, "tóc": 2751, "mùa_vụ": 2752, "mảng": 2753, "nâu": 2754, "a_dương": 2755, "làn": 2756, "da": 2757, "dỗiiiii": 2758, "chụm": 2759, "mái": 2760, "mini": 2761, "đin": 2762, "oiiii": 2763, "trang_trại": 2764, "bồ_câu": 2765, "size": 2766, "gap": 2767, "bóng_bẩy": 2768, "cooi": 2769, "cap": 2770, "chạm": 2771, "iêuu": 2772, "nhỷ": 2773, "đả": 2774, "cọng": 2775, "wá": 2776, "thơm": 2777, "phứk": 2778, "nhân_cách": 2779, "vụng": 2780, "cutiii": 2781, "truyện": 2782, "vuốt": 2783, "nổii": 2784, "đâyyyy": 2785, "trung_bình_nhân_cách": 2786, "30": 2787, "hit": 2788, "tổng_hơn": 2789, "tính": 2790, "solo": 2791, "ytb": 2792, "vì_sao": 2793, "trây": 2794, "meo": 2795, "cơ_bản": 2796, "mặc_cảm": 2797, "tự_ti": 2798, "thanh_niên": 2799, "trẻ_trung": 2800, "theo_đuổi": 2801, "đối_địch": 2802, "kỵ": 2803, "đe_dọa": 2804, "thằng_cha": 2805, "khơi": 2806, "trình_độ": 2807, "máng": 2808, "mương": 2809, "hay_ho": 2810, "cá_tính": 2811, "vay": 2812, "ae": 2813, "biet": 2814, "thiet": 2815, "trùng_hợp": 2816, "roommate": 2817, "tắm": 2818, "ngân_nga": 2819, "kpkg": 2820, "day3": 2821, "cafe": 2822, "nhóm": 2823, "nói_xấu": 2824, "dm": 2825, "max": 2826, "ngạo_nghễ": 2827, "reply": 2828, "im_ru": 2829, "game": 2830, "miệt_thị": 2831, "nín": 2832, "thin": 2833, "sv": 2834, "f": 2835, "kbt": 2836, "trưng": 2837, "biểu_cảm": 2838, "ncl": 2839, "gr": 2840, "cơ_sở": 2841, "fpt": 2842, "bàn": 2843, "drama": 2844, "62k": 2845, "tv": 2846, "nội_quy": 2847, "dr": 2848, "kể_cả": 2849, "cue": 2850, "quảng_bá": 2851, "động": 2852, "yt": 2853, "trending": 2854, "music": 2855, "nền_tảng": 2856, "âm_nhạc": 2857, "cà_phê": 2858, "đại_học": 2859, "hot_hot": 2860, "event": 2861, "nhãn": 2862, "2ctr": 2863, "ctr": 2864, "tai_nghe": 2865, "vinahouse": 2866, "tâm_đắc": 2867, "đóng_khung": 2868, "uncr": 2869, "crs": 2870, "chửi_bới": 2871, "cửa_hàng": 2872, "hoa_quả": 2873, "đỏ": 2874, "hang": 2875, "vọng": 2876, "cóc": 2877, "hả_hê": 2878, "quần_áo": 2879, "hàng_xóm": 2880, "thậc": 2881, "tẩy_não": 2882, "q2": 2883, "playlist": 2884, "sạch": 2885, "mỏ": 2886, "nước_nhà": 2887, "chả_là": 2888, "nổi_tiếng": 2889, "nt": 2890, "chảnh": 2891, "nhõng_nhẽo": 2892, "bà_chúa": 2893, "nhìu": 2894, "chiện": 2895, "quậy": 2896, "pà": 2897, "làm_trò": 2898, "bả": 2899, "gục": 2900, "thông_minh": 2901, "đột_xuất": 2902, "oyyyy": 2903, "tóm": 2904, "bóng_đá": 2905, "tuyển": 2906, "caption": 2907, "vựơt": 2908, "sĩ": 2909, "pđ": 2910, "vòng": 2911, "ghi_bàn": 2912, "lưu": 2913, "indo": 2914, "liên_tiếp": 2915, "đội_hình": 2916, "nhập_tịch": 2917, "toàn_cầu_thủ": 2918, "pháp_sư": 2919, "fillip": 2920, "ăn_mừng": 2921, "vả": 2922, "tâm_linh": 2923, "đùa": 2924, "nài": 2925, "riel": 2926, "bô": 2927, "dô": 2928, "ct": 2929, "ra_quân": 2930, "pđt": 2931, "đtvn": 2932, "nam_vô_địch": 2933, "bong": 2934, "đế": 2935, "giày": 2936, "cameraman": 2937, "ruiinay": 2938, "víaaaa": 2939, "dã": 2940, "mannn": 2941, "tổ": 2942, "hầm": 2943, "nnao": 2944, "hải": 2945, "xà_ngang": 2946, "đáng_lẽ": 2947, "tiến": 2948, "linh": 2949, "lăn": 2950, "trái": 2951, "neko": 2952, "khoác": 2953, "khôi": 2954, "tung_tăng": 2955, "jun": 2956, "kéo_phúc": 2957, "phúc": 2958, "dụi": 2959, "anh_minh": 2960, "bênh": 2961, "étti": 2962, "hoa": 2963, "trông": 2964, "lam_lũ": 2965, "tài_phiệt": 2966, "tập_tạ": 2967, "hôn_nhân": 2968, "hợp_đồng": 2969, "trao": 2970, "nhẫn": 2971, "trời_đánh": 2972, "đùng": 2973, "phản_đối": 2974, "hẹn_hò": 2975, "loz": 2976, "nchuyen": 2977, "vìa": 2978, "tìm_hiểu": 2979, "nấu_ăn": 2980, "đuma": 2981, "bôn": 2982, "địa_chỉ": 2983, "1050": 2984, "lvl": 2985, "nhà_bè": 2986, "chung_cư": 2987, "hoảng": 2988, "xún": 2989, "rước": 2990, "kiu": 2991, "gà": 2992, "đối_diện": 2993, "kì": 2994, "lát": 2995, "dặm": 2996, "đói": 2997, "dứ": 2998, "linh_cảm_k": 2999, "lẹ": 3000, "bot": 3001, "bấm": 3002, "lia_lịa": 3003, "dừa": 3004, "mập": 3005, "xém": 3006, "ế": 3007, "sale": 3008, "mặp": 3009, "phẻ": 3010, "ge": 3011, "chủ_động": 3012, "clm": 3013, "hã": 3014, "xả": 3015, "street": 3016, "đực": 3017, "cái_trò": 3018, "bung": 3019, "đồng": 3020, "xa_xa": 3021, "cuoi": 3022, "chet": 3023, "bít": 3024, "nói_gì": 3025, "q7": 3026, "nghía": 3027, "sống_nhăn": 3028, "văn": 3029, "hải_sản": 3030, "xào": 3031, "dỡn": 3032, "bức": 3033, "tình_yêu": 3034, "thà": 3035, "tuỳ_tiện": 3036, "sức_mạnh": 3037, "trái_tim": 3038, "thuần_khiết": 3039, "muôn_ngàn": 3040, "lỗ": 3041, "thủng": 3042, "bước": 3043, "chợt": 3044, "cảm_tình": 3045, "gay": 3046, "bìn": 3047, "thừn": 3048, "thính": 3049, "vibe": 3050, "mừ": 3051, "lam": 3052, "vớ": 3053, "block": 3054, "lóc": 3055, "chứng_tỏ": 3056, "bn": 3057, "hút": 3058, "ank": 3059, "hui": 3060, "hong_zận": 3061, "giả": 3062, "đào_hoa": 3063, "tha": 3064, "đồng_chí": 3065, "hiện_tại": 3066, "toả": 3067, "bu": 3068, "trapboy": 3069, "badboy": 3070, "bar": 3071, "gáng": 3072, "né": 3073, "xạo": 3074, "boi": 3075, "fen": 3076, "ma": 3077, "te": 3078, "ri": 3079, "ờ": 3080, "àaa": 3081, "cookies": 3082, "dở": 3083, "nha_ê": 3084, "xanh": 3085, "nghịch_lý": 3086, "trap": 3087, "ghost": 3088, "nhẩy": 3089, "nhẩu": 3090, "tán": 3091, "gối": 3092, "đạp": 3093, "bái": 3094, "đà_nẵng": 3095, "120km": 3096, "thép": 3097, "trekking": 3098, "70km": 3099, "chinh_phục": 3100, "đèo": 3101, "vân": 3102, "mây": 3103, "trí_nhớ": 3104, "tuổi_trẻ": 3105, "yb": 3106, "mặt_nước": 3107, "ve_yb": 3108, "luônm": 3109, "ghê_vậy": 3110, "man": 3111, "sông": 3112, "cầu_phong": 3113, "oách": 3114, "bao_lâu": 3115, "1km": 3116, "zị": 3117, "162km": 3118, "bí_ẩn": 3119, "nhân_loại": 3120, "cổ_xưa": 3121, "chờ_đợi": 3122, "đáp_án": 3123, "tuổi_thơ": 3124, "thé": 3125, "asean": 3126, "east": 3127, "west": 3128, "cx_vậy": 3129, "ngôi": 3130, "south": 3131, "phương_nam": 3132, "kanye": 3133, "liên_tưởng": 3134, "taylor": 3135, "swift": 3136, "vào_đề": 3137, "wift": 3138, "xưa": 3139, "đầu_bài": 3140, "side": 3141, "from": 3142, "the": 3143, "êi": 3144, "tại_sao": 3145, "item": 3146, "thời_trang": 3147, "bền_vững": 3148, "ưu_tiên": 3149, "ứng_dụng": 3150, "chất_liệu": 3151, "hàng_đầu": 3152, "thiệttt": 3153, "makeup": 3154, "xinh_xắn": 3155, "x10": 3156, "rác": 3157, "động_lực": 3158, "voậy": 3159, "ùi": 3160, "chu": 3161, "đii": 3162, "mặc_kệ": 3163, "vưag": 3164, "dễ_chịu": 3165, "mí": 3166, "zô": 3167, "quảng_cáo": 3168, "chăm": 3169, "dòm": 3170, "ghia": 3171, "shop": 3172, "cũg": 3173, "ngoại_hình": 3174, "chẳng_hạn": 3175, "qáo": 3176, "lém": 3177, "pồ": 3178, "chất": 3179, "tỏ": 3180, "thương_xót": 3181, "há": 3182, "hòa": 3183, "chống": 3184, "ngáy": 3185, "độc_thân": 3186, "cao_tuổi": 3187, "giận": 3188, "tiệm": 3189, "rạp": 3190, "xiếc": 3191, "trung_ương": 3192, "xa_xỉ": 3193, "chớm": 3194, "mưa_gió": 3195, "thổi": 3196, "buốt": 3197, "nhâm_nhi": 3198, "ly": 3199, "matcha": 3200, "nóng_hổi": 3201, "càm": 3202, "ràm": 3203, "nguội": 3204, "chày": 3205, "chối": 3206, "fake": 3207, "cối": 3208, "type": 3209, "xai": 3210, "trính": 3211, "tã": 3212, "khom": 3213, "sửa": 3214, "hạng": 3215, "lùa": 3216, "giá": 3217, "pl": 3218, "bnh": 3219, "mnggg": 3220, "intern": 3221, "dẹp": 3222, "thảo_luận": 3223, "tụt": 3224, "hahahaha": 3225, "íu": 3226, "trí": 3227, "son": 3228, "media": 3229, "tít": 3230, "zữ": 3231, "cơm": 3232, "qua_ngày": 3233, "chính_tả": 3234, "bửn": 3235, "chớt": 3236, "ava": 3237, "yếu": 3238, "chó": 3239, "ra_trò": 3240, "riêu": 3241, "zl": 3242, "kè": 3243, "be": 3244, "gõ": 3245, "ap": 3246, "ngọt_xớt": 3247, "siuuu": 3248, "iuu": 3249, "ó": 3250, "cấpp": 3251, "bống": 3252, "toang": 3253, "cắm_sừng": 3254, "t_r": 3255}